{"Build time": 0.15004396438598633, "Average search time": 7.505559921264648e-06, "Average cost:": 16.0, "Model size:": 714053}