{"Build time": 0.17412281036376953, "Average search time": 8.22920799255371e-06, "Average cost:": 16.0, "Model size:": 710560}