{"Build time": 0.17354846000671387, "Average search time": 7.546281814575195e-06, "Average cost:": 16.0, "Model size:": 689695}